1;Vinicius Caetano;vini@teste;6282796535;1337139114;01/01/2017
2;Guilherme Freitas;gui@teste;6296542589;74136985114;01/01/2017
3;Jeferson Gustavo;jef@teste;6235478965;25814796325;01/01/2017
4;Erique Souza;erique@teste;6299996655;25895132478;02/02/2017
5;Evandro Barbosa;vandao@teste;6285472222;96325874112;02/02/2017
6;Jose Julio;jj@teste;6281235588;14785236912;02/02/2017
7;Fellipe Diord;dior@teste;6292145685;15995112354;02/02/2017
8;Pedro Furtado;pf@teste;6232894598;35775315945;03/03/2017
9;Edson Silva;edsoname@teste;6232895010;85215975314;03/03/2017
10;Sarah Acsa;sara@teste;6232586327;35795125836;03/03/2017
